[{"model": "admin.logentry", "pk": 1, "fields": {"action_time": "2022-02-20T14:42:38.335Z", "user": 1, "content_type": 8, "object_id": "2", "object_repr": "ivan", "action_flag": 2, "change_message": "[{\"changed\": {\"fields\": [\"Gender\"]}}]"}}, {"model": "admin.logentry", "pk": 2, "fields": {"action_time": "2022-03-25T16:15:39.634Z", "user": 1, "content_type": 8, "object_id": "7", "object_repr": "kolya156", "action_flag": 3, "change_message": ""}}, {"model": "admin.logentry", "pk": 3, "fields": {"action_time": "2022-03-25T16:15:50.785Z", "user": 1, "content_type": 8, "object_id": "8", "object_repr": "kolya157", "action_flag": 3, "change_message": ""}}, {"model": "admin.logentry", "pk": 4, "fields": {"action_time": "2022-03-25T16:18:24.307Z", "user": 1, "content_type": 8, "object_id": "9", "object_repr": "kolya156", "action_flag": 3, "change_message": ""}}, {"model": "admin.logentry", "pk": 5, "fields": {"action_time": "2022-03-25T16:25:25.728Z", "user": 1, "content_type": 8, "object_id": "10", "object_repr": "kolya156", "action_flag": 3, "change_message": ""}}, {"model": "admin.logentry", "pk": 6, "fields": {"action_time": "2022-03-27T13:22:16.099Z", "user": 1, "content_type": 8, "object_id": "12", "object_repr": "n_degtyarev", "action_flag": 3, "change_message": ""}}, {"model": "admin.logentry", "pk": 7, "fields": {"action_time": "2022-03-27T13:22:28.101Z", "user": 1, "content_type": 8, "object_id": "11", "object_repr": "kolya156", "action_flag": 3, "change_message": ""}}, {"model": "admin.logentry", "pk": 8, "fields": {"action_time": "2022-03-27T14:06:02.465Z", "user": 1, "content_type": 8, "object_id": "13", "object_repr": "n_degtyarev", "action_flag": 3, "change_message": ""}}, {"model": "admin.logentry", "pk": 9, "fields": {"action_time": "2022-03-27T14:08:13.067Z", "user": 1, "content_type": 8, "object_id": "14", "object_repr": "n_degtyarev", "action_flag": 3, "change_message": ""}}, {"model": "admin.logentry", "pk": 10, "fields": {"action_time": "2022-03-31T15:24:43.604Z", "user": 1, "content_type": 8, "object_id": "15", "object_repr": "n_degtyarev", "action_flag": 3, "change_message": ""}}, {"model": "admin.logentry", "pk": 11, "fields": {"action_time": "2022-03-31T15:44:58.872Z", "user": 1, "content_type": 8, "object_id": "16", "object_repr": "n_degtyarev", "action_flag": 3, "change_message": ""}}, {"model": "admin.logentry", "pk": 12, "fields": {"action_time": "2022-03-31T15:48:56.604Z", "user": 1, "content_type": 8, "object_id": "17", "object_repr": "n_degtyarev", "action_flag": 3, "change_message": ""}}, {"model": "admin.logentry", "pk": 13, "fields": {"action_time": "2022-03-31T16:00:42.507Z", "user": 1, "content_type": 8, "object_id": "18", "object_repr": "n_degtyarev", "action_flag": 3, "change_message": ""}}, {"model": "auth.permission", "pk": 1, "fields": {"name": "Can add log entry", "content_type": 1, "codename": "add_logentry"}}, {"model": "auth.permission", "pk": 2, "fields": {"name": "Can change log entry", "content_type": 1, "codename": "change_logentry"}}, {"model": "auth.permission", "pk": 3, "fields": {"name": "Can delete log entry", "content_type": 1, "codename": "delete_logentry"}}, {"model": "auth.permission", "pk": 4, "fields": {"name": "Can view log entry", "content_type": 1, "codename": "view_logentry"}}, {"model": "auth.permission", "pk": 5, "fields": {"name": "Can add permission", "content_type": 2, "codename": "add_permission"}}, {"model": "auth.permission", "pk": 6, "fields": {"name": "Can change permission", "content_type": 2, "codename": "change_permission"}}, {"model": "auth.permission", "pk": 7, "fields": {"name": "Can delete permission", "content_type": 2, "codename": "delete_permission"}}, {"model": "auth.permission", "pk": 8, "fields": {"name": "Can view permission", "content_type": 2, "codename": "view_permission"}}, {"model": "auth.permission", "pk": 9, "fields": {"name": "Can add group", "content_type": 3, "codename": "add_group"}}, {"model": "auth.permission", "pk": 10, "fields": {"name": "Can change group", "content_type": 3, "codename": "change_group"}}, {"model": "auth.permission", "pk": 11, "fields": {"name": "Can delete group", "content_type": 3, "codename": "delete_group"}}, {"model": "auth.permission", "pk": 12, "fields": {"name": "Can view group", "content_type": 3, "codename": "view_group"}}, {"model": "auth.permission", "pk": 13, "fields": {"name": "Can add content type", "content_type": 4, "codename": "add_contenttype"}}, {"model": "auth.permission", "pk": 14, "fields": {"name": "Can change content type", "content_type": 4, "codename": "change_contenttype"}}, {"model": "auth.permission", "pk": 15, "fields": {"name": "Can delete content type", "content_type": 4, "codename": "delete_contenttype"}}, {"model": "auth.permission", "pk": 16, "fields": {"name": "Can view content type", "content_type": 4, "codename": "view_contenttype"}}, {"model": "auth.permission", "pk": 17, "fields": {"name": "Can add session", "content_type": 5, "codename": "add_session"}}, {"model": "auth.permission", "pk": 18, "fields": {"name": "Can change session", "content_type": 5, "codename": "change_session"}}, {"model": "auth.permission", "pk": 19, "fields": {"name": "Can delete session", "content_type": 5, "codename": "delete_session"}}, {"model": "auth.permission", "pk": 20, "fields": {"name": "Can view session", "content_type": 5, "codename": "view_session"}}, {"model": "auth.permission", "pk": 21, "fields": {"name": "Can add product category", "content_type": 6, "codename": "add_productcategory"}}, {"model": "auth.permission", "pk": 22, "fields": {"name": "Can change product category", "content_type": 6, "codename": "change_productcategory"}}, {"model": "auth.permission", "pk": 23, "fields": {"name": "Can delete product category", "content_type": 6, "codename": "delete_productcategory"}}, {"model": "auth.permission", "pk": 24, "fields": {"name": "Can view product category", "content_type": 6, "codename": "view_productcategory"}}, {"model": "auth.permission", "pk": 25, "fields": {"name": "Can add product", "content_type": 7, "codename": "add_product"}}, {"model": "auth.permission", "pk": 26, "fields": {"name": "Can change product", "content_type": 7, "codename": "change_product"}}, {"model": "auth.permission", "pk": 27, "fields": {"name": "Can delete product", "content_type": 7, "codename": "delete_product"}}, {"model": "auth.permission", "pk": 28, "fields": {"name": "Can view product", "content_type": 7, "codename": "view_product"}}, {"model": "auth.permission", "pk": 29, "fields": {"name": "Can add user", "content_type": 8, "codename": "add_user"}}, {"model": "auth.permission", "pk": 30, "fields": {"name": "Can change user", "content_type": 8, "codename": "change_user"}}, {"model": "auth.permission", "pk": 31, "fields": {"name": "Can delete user", "content_type": 8, "codename": "delete_user"}}, {"model": "auth.permission", "pk": 32, "fields": {"name": "Can view user", "content_type": 8, "codename": "view_user"}}, {"model": "auth.permission", "pk": 33, "fields": {"name": "Can add basket", "content_type": 9, "codename": "add_basket"}}, {"model": "auth.permission", "pk": 34, "fields": {"name": "Can change basket", "content_type": 9, "codename": "change_basket"}}, {"model": "auth.permission", "pk": 35, "fields": {"name": "Can delete basket", "content_type": 9, "codename": "delete_basket"}}, {"model": "auth.permission", "pk": 36, "fields": {"name": "Can view basket", "content_type": 9, "codename": "view_basket"}}, {"model": "auth.permission", "pk": 37, "fields": {"name": "Can add association", "content_type": 10, "codename": "add_association"}}, {"model": "auth.permission", "pk": 38, "fields": {"name": "Can change association", "content_type": 10, "codename": "change_association"}}, {"model": "auth.permission", "pk": 39, "fields": {"name": "Can delete association", "content_type": 10, "codename": "delete_association"}}, {"model": "auth.permission", "pk": 40, "fields": {"name": "Can view association", "content_type": 10, "codename": "view_association"}}, {"model": "auth.permission", "pk": 41, "fields": {"name": "Can add code", "content_type": 11, "codename": "add_code"}}, {"model": "auth.permission", "pk": 42, "fields": {"name": "Can change code", "content_type": 11, "codename": "change_code"}}, {"model": "auth.permission", "pk": 43, "fields": {"name": "Can delete code", "content_type": 11, "codename": "delete_code"}}, {"model": "auth.permission", "pk": 44, "fields": {"name": "Can view code", "content_type": 11, "codename": "view_code"}}, {"model": "auth.permission", "pk": 45, "fields": {"name": "Can add nonce", "content_type": 12, "codename": "add_nonce"}}, {"model": "auth.permission", "pk": 46, "fields": {"name": "Can change nonce", "content_type": 12, "codename": "change_nonce"}}, {"model": "auth.permission", "pk": 47, "fields": {"name": "Can delete nonce", "content_type": 12, "codename": "delete_nonce"}}, {"model": "auth.permission", "pk": 48, "fields": {"name": "Can view nonce", "content_type": 12, "codename": "view_nonce"}}, {"model": "auth.permission", "pk": 49, "fields": {"name": "Can add user social auth", "content_type": 13, "codename": "add_usersocialauth"}}, {"model": "auth.permission", "pk": 50, "fields": {"name": "Can change user social auth", "content_type": 13, "codename": "change_usersocialauth"}}, {"model": "auth.permission", "pk": 51, "fields": {"name": "Can delete user social auth", "content_type": 13, "codename": "delete_usersocialauth"}}, {"model": "auth.permission", "pk": 52, "fields": {"name": "Can view user social auth", "content_type": 13, "codename": "view_usersocialauth"}}, {"model": "auth.permission", "pk": 53, "fields": {"name": "Can add partial", "content_type": 14, "codename": "add_partial"}}, {"model": "auth.permission", "pk": 54, "fields": {"name": "Can change partial", "content_type": 14, "codename": "change_partial"}}, {"model": "auth.permission", "pk": 55, "fields": {"name": "Can delete partial", "content_type": 14, "codename": "delete_partial"}}, {"model": "auth.permission", "pk": 56, "fields": {"name": "Can view partial", "content_type": 14, "codename": "view_partial"}}, {"model": "auth.permission", "pk": 57, "fields": {"name": "Can add shop user profile", "content_type": 15, "codename": "add_shopuserprofile"}}, {"model": "auth.permission", "pk": 58, "fields": {"name": "Can change shop user profile", "content_type": 15, "codename": "change_shopuserprofile"}}, {"model": "auth.permission", "pk": 59, "fields": {"name": "Can delete shop user profile", "content_type": 15, "codename": "delete_shopuserprofile"}}, {"model": "auth.permission", "pk": 60, "fields": {"name": "Can view shop user profile", "content_type": 15, "codename": "view_shopuserprofile"}}, {"model": "auth.permission", "pk": 61, "fields": {"name": "Can add заказ", "content_type": 16, "codename": "add_order"}}, {"model": "auth.permission", "pk": 62, "fields": {"name": "Can change заказ", "content_type": 16, "codename": "change_order"}}, {"model": "auth.permission", "pk": 63, "fields": {"name": "Can delete заказ", "content_type": 16, "codename": "delete_order"}}, {"model": "auth.permission", "pk": 64, "fields": {"name": "Can view заказ", "content_type": 16, "codename": "view_order"}}, {"model": "auth.permission", "pk": 65, "fields": {"name": "Can add order item", "content_type": 17, "codename": "add_orderitem"}}, {"model": "auth.permission", "pk": 66, "fields": {"name": "Can change order item", "content_type": 17, "codename": "change_orderitem"}}, {"model": "auth.permission", "pk": 67, "fields": {"name": "Can delete order item", "content_type": 17, "codename": "delete_orderitem"}}, {"model": "auth.permission", "pk": 68, "fields": {"name": "Can view order item", "content_type": 17, "codename": "view_orderitem"}}, {"model": "sessions.session", "pk": "30emp9xmz1rzd9gvrap0koyj8pmns4a5", "fields": {"session_data": ".eJxVjDsOwjAQBe_iGllZe_0JJT1niLzrNQ4gR8qnQtwdIqWA9s3Me6khbWsdtkXmYczqrADU6XekxA9pO8n31G6T5qmt80h6V_RBF32dsjwvh_t3UNNSvzWCZW-pOMTeO2stWETxBYRi4OgdmxC9mACuY-nAoI8pE_dESKkY9f4A1lY3bw:1nXn1I:cbt8a66sJqdgNN8uvWsF41OZ8j8J5HJAPScDxXZ-xeE", "expire_date": "2022-04-08T16:42:36.550Z"}}, {"model": "sessions.session", "pk": "52a9d2529vgjfmfwbz27uxkkqswno29s", "fields": {"session_data": ".eJxVjDsOwjAQBe_iGlnrtR0FSnrOEO3POIASKZ8q4u4QKQW0b2be5jpal9qts01dr-7igjv9bkzytGEH-qDhPnoZh2Xq2e-KP-jsb6Pa63q4fweV5vqtUSJThMBWtGSLUhBYW06aIUlrwQCQmoAopAmzRrQmZ0rAcgZQ9_4ABUk4WA:1nSKMs:qEGn-4m9O8b9jRAy2SL_q6I4Mlpyv_2voGDbnt2Jpzg", "expire_date": "2022-03-24T15:06:18.769Z"}}, {"model": "sessions.session", "pk": "96fcoqirc0hv3gsadql9jx4trd0mo599", "fields": {"session_data": ".eJxVj1FrgzAUhf9LnjtrrpqYvQ36UGhpyxijb-FGkyraiCZ2w7H_vjhkzNfv8J1z7xex-tOTZ7IlG_JonjocfQXSefQ60Kk-XQfGvertxQ7X-xH7yWF1Z6_T7uPN74MkZ0OOTg-yLoNCxRoqLBpt58R1RY2tLLpBRwt10aOJ3g_nl3l17VXoqiDF2iDQEjKgiCkDjA0zwDlyHpcCqMnzPGNoBDcABUWVqFQImpR5loJSSShddn-rW3Rett2ttv8O-_ubfP8AvWpaNA:1nbjgy:ckZsEEUzcOVYD9Mu4TDQ5AcGjNpsLTrv5o2lgrnVe9M", "expire_date": "2022-04-19T13:57:56.457Z"}}, {"model": "social_django.usersocialauth", "pk": 6, "fields": {"user": 19, "provider": "vk-oauth2", "uid": "2454711", "extra_data": "{\"auth_time\": 1649167076, \"id\": 2454711, \"expires\": 86400, \"access_token\": \"de764379a0ade1052010c52b122f0b0157ca2edb8106c7c8b5887820c7083ac58e20a8b215669364d7854\", \"token_type\": null}", "created": "2022-03-31T16:00:54.035Z", "modified": "2022-04-05T13:57:56.444Z"}}, {"model": "products.productcategory", "pk": 1, "fields": {"name": "Одежда", "description": "Супермодная одежда для надежды, мир, что станет, как и прежде."}}, {"model": "products.productcategory", "pk": 2, "fields": {"name": "Обувь", "description": "Это такие штуки, чтобы босиком не шлепать по грязи"}}, {"model": "products.productcategory", "pk": 3, "fields": {"name": "Аксекссуары", "description": "Всяки модные приблуды, что в деревне словно чудо воспринимает простой люд"}}, {"model": "products.productcategory", "pk": 4, "fields": {"name": "Новинки", "description": "Шмот с картинки"}}, {"model": "products.productcategory", "pk": 5, "fields": {"name": "Подарки", "description": "Чтоб секас был как солнце яркий"}}, {"model": "products.product", "pk": 1, "fields": {"name": "Худи черного цвета с монограммами adidas Originals", "image": "products_images/Adidas-hoodie.png", "description": "Мягкая ткань для свитшотов. Стиль и комфорт – это образ жизни.", "price": "6090.00", "quantity": 5, "category": 1}}, {"model": "products.product", "pk": 2, "fields": {"name": "Синяя куртка The North Face", "image": "products_images/Blue-jacket-The-North-Face.png", "description": "Гладкая ткань. Водонепроницаемое покрытие. Легкий и теплый пуховый наполнитель.", "price": "23725.00", "quantity": 1, "category": 1}}, {"model": "products.product", "pk": 3, "fields": {"name": "Коричневый спортивный oversized-топ ASOS DESIGN", "image": "products_images/Brown-sports-oversized-top-ASOS-DESIGN.png", "description": "", "price": "3390.00", "quantity": 3, "category": 1}}, {"model": "products.product", "pk": 4, "fields": {"name": "Черный рюкзак Nike Heritage", "image": "products_images/Black-Nike-Heritage-backpack.png", "description": "Плотная ткань. Легкий материал.", "price": "2304.00", "quantity": 2, "category": 3}}, {"model": "products.product", "pk": 5, "fields": {"name": "Черные туфли на платформе с 3 парами люверсов Dr Martens 1461 Bex", "image": "products_images/Black-Dr-Martens-shoes.png", "description": "Гладкий кожаный верх. Натуральный материал.", "price": "13590.00", "quantity": 10, "category": 2}}, {"model": "products.product", "pk": 6, "fields": {"name": "Темно-синие широкие строгие брюки ASOS DESIGN", "image": "products_images/Dark-blue-wide-leg-ASOs-DESIGN-trousers.png", "description": "Легкая эластичная ткань сирсакер Фактурная ткань.", "price": "2890.00", "quantity": 1, "category": 1}}, {"model": "users.user", "pk": 1, "fields": {"password": "pbkdf2_sha256$260000$BS5tst0egglaYBdnVD0G4V$05sb+r1gAUc6m5ELpumD//do9pQ8S+nRHCOJmW+Mtno=", "last_login": "2022-03-31T16:01:19.049Z", "is_superuser": true, "username": "admin", "first_name": "", "last_name": "", "is_staff": true, "is_active": true, "date_joined": "2022-02-15T14:30:28.084Z", "image": "", "gender": "", "age": 18, "email": "", "activation_key": "", "activation_key_expires": "2022-03-27T14:25:55.515Z", "groups": [], "user_permissions": []}}, {"model": "users.user", "pk": 2, "fields": {"password": "pbkdf2_sha256$260000$d72cl9X4DhLU8kvxZQXqb9$3Zj73lgzo7FRx2BiP9XY8ArmI5/xuavDEAyWStYjKvA=", "last_login": "2022-03-27T15:38:09.364Z", "is_superuser": false, "username": "ivan", "first_name": "Иван", "last_name": "Петров", "is_staff": false, "is_active": true, "date_joined": "2022-02-20T14:41:47Z", "image": "", "gender": "M", "age": 18, "email": "ivan@ya.ru", "activation_key": "", "activation_key_expires": "2022-03-27T14:25:55.515Z", "groups": [], "user_permissions": []}}, {"model": "users.user", "pk": 3, "fields": {"password": "pbkdf2_sha256$260000$TSeV5S1BRsJ9nDyBGEXb6c$D27VIHixoMWj2JsOs/stXYIHyRgYccrDsbSS9aWXK+w=", "last_login": null, "is_superuser": false, "username": "user1", "first_name": "user1", "last_name": "user1", "is_staff": false, "is_active": true, "date_joined": "2022-02-24T11:20:57.502Z", "image": "", "gender": "", "age": 18, "email": "user1@user.ru", "activation_key": "", "activation_key_expires": "2022-03-27T14:25:55.515Z", "groups": [], "user_permissions": []}}, {"model": "users.user", "pk": 4, "fields": {"password": "pbkdf2_sha256$260000$wV71ZXxNTgvfoVNhvcefqF$2GtSX7VtJQ808LsaNCKIZ2eGFbkLMPC+E5r+f6fnnZU=", "last_login": null, "is_superuser": false, "username": "user3", "first_name": "user3", "last_name": "user3", "is_staff": false, "is_active": true, "date_joined": "2022-02-24T11:32:01.449Z", "image": "", "gender": "", "age": 18, "email": "user2@user.ru", "activation_key": "", "activation_key_expires": "2022-03-27T14:25:55.515Z", "groups": [], "user_permissions": []}}, {"model": "users.user", "pk": 5, "fields": {"password": "pbkdf2_sha256$260000$eiz97catEP2gfuQpz4uAs0$aw5uKEmDswzaiWcpkbiI8F1yCjxQcP1vPEiCrcGkads=", "last_login": null, "is_superuser": false, "username": "user5", "first_name": "user5", "last_name": "user5", "is_staff": false, "is_active": true, "date_joined": "2022-02-24T11:52:31.129Z", "image": "", "gender": "", "age": 18, "email": "user5@user.ru", "activation_key": "", "activation_key_expires": "2022-03-27T14:25:55.515Z", "groups": [], "user_permissions": []}}, {"model": "users.user", "pk": 6, "fields": {"password": "pbkdf2_sha256$260000$SY6vvUHx931P4dA5QtwlxI$aCIv7Exnb9bBg5fsATuJP3wdZ6CA70HbJ7IpFqv6rK4=", "last_login": "2022-03-10T10:08:27.905Z", "is_superuser": false, "username": "user6", "first_name": "Иван", "last_name": "Коротышкин", "is_staff": false, "is_active": true, "date_joined": "2022-02-24T12:09:45.014Z", "image": "users_images/AI-meme-viral-1.jpg", "gender": "", "age": 18, "email": "user6@user.ru", "activation_key": "", "activation_key_expires": "2022-03-27T14:25:55.515Z", "groups": [], "user_permissions": []}}, {"model": "users.user", "pk": 19, "fields": {"password": "!eCelL9ZpqK8zQI5rxVdMf3aQjfxB4b36OZMQjBR3", "last_login": "2022-04-05T13:57:56.452Z", "is_superuser": false, "username": "n_degtyarev", "first_name": "Николай", "last_name": "Дегтярев", "is_staff": false, "is_active": true, "date_joined": "2022-03-31T16:00:53.891Z", "image": "", "gender": "", "age": 41, "email": "n_degtyarev@mail.ru", "activation_key": "", "activation_key_expires": "2022-04-02T16:00:17.285Z", "groups": [], "user_permissions": []}}, {"model": "users.shopuserprofile", "pk": 1, "fields": {"user": 1, "tagline": "", "aboutMe": "", "powerness": ""}}, {"model": "users.shopuserprofile", "pk": 2, "fields": {"user": 2, "tagline": "", "aboutMe": "", "powerness": ""}}, {"model": "users.shopuserprofile", "pk": 3, "fields": {"user": 3, "tagline": "", "aboutMe": "", "powerness": ""}}, {"model": "users.shopuserprofile", "pk": 4, "fields": {"user": 4, "tagline": "", "aboutMe": "", "powerness": ""}}, {"model": "users.shopuserprofile", "pk": 5, "fields": {"user": 5, "tagline": "", "aboutMe": "", "powerness": ""}}, {"model": "users.shopuserprofile", "pk": 6, "fields": {"user": 6, "tagline": "", "aboutMe": "", "powerness": ""}}, {"model": "users.shopuserprofile", "pk": 11, "fields": {"user": 19, "tagline": "", "aboutMe": "Я это Я.", "powerness": ""}}, {"model": "baskets.basket", "pk": 4, "fields": {"user": 1, "product": 1, "quantity": 3, "created_timestamp": "2022-02-26T16:08:59.247Z"}}, {"model": "baskets.basket", "pk": 5, "fields": {"user": 1, "product": 2, "quantity": 1, "created_timestamp": "2022-02-26T16:09:01.138Z"}}, {"model": "baskets.basket", "pk": 6, "fields": {"user": 2, "product": 1, "quantity": 12, "created_timestamp": "2022-03-02T17:24:56.228Z"}}, {"model": "baskets.basket", "pk": 7, "fields": {"user": 2, "product": 2, "quantity": 5, "created_timestamp": "2022-03-02T17:24:58.277Z"}}, {"model": "orders.order", "pk": 1, "fields": {"user": 19, "created": "2022-04-06T16:51:30.553Z", "updated": "2022-04-06T16:51:30.562Z", "status": "FM", "is_active": true}}, {"model": "orders.order", "pk": 2, "fields": {"user": 19, "created": "2022-04-06T16:52:54.910Z", "updated": "2022-04-06T16:52:54.930Z", "status": "FM", "is_active": true}}, {"model": "orders.order", "pk": 3, "fields": {"user": 19, "created": "2022-04-06T16:53:33.504Z", "updated": "2022-04-06T16:53:33.517Z", "status": "FM", "is_active": true}}, {"model": "orders.orderitem", "pk": 1, "fields": {"order": 1, "product": 1, "quantity": 2}}, {"model": "orders.orderitem", "pk": 2, "fields": {"order": 1, "product": 3, "quantity": 1}}, {"model": "orders.orderitem", "pk": 3, "fields": {"order": 1, "product": 2, "quantity": 1}}, {"model": "orders.orderitem", "pk": 4, "fields": {"order": 2, "product": 1, "quantity": 2}}, {"model": "orders.orderitem", "pk": 5, "fields": {"order": 2, "product": 3, "quantity": 1}}, {"model": "orders.orderitem", "pk": 6, "fields": {"order": 2, "product": 2, "quantity": 1}}, {"model": "orders.orderitem", "pk": 7, "fields": {"order": 3, "product": 1, "quantity": 2}}]